{
  "task": "multiclass",
  "model": "bilstm",
  "label": "bilstm",
  "seed": 42,
  "config": {
    "vocab_size": 5000,
    "embedding_dim": 128,
    "max_length": 48,
    "bidirectional": true,
    "stopwords_removed": true,
    "embeddings": "learned from scratch",
    "optimizer": "Adam(1e-3)",
    "vocabulary_seen": 7681
  },
  "accuracy": 0.4719562243502052,
  "macro_f1": 0.40602872426375036,
  "weighted_f1": 0.4592416193954864,
  "macro_precision": 0.4597863890847535,
  "macro_recall": 0.39383998544905835,
  "accuracy_ci95": [
    0.4360083559128334,
    0.5081972961936786
  ],
  "majority_floor": 0.24794745484400657,
  "class_names": [
    "alegria",
    "desgosto",
    "medo",
    "neutro",
    "raiva",
    "surpresa",
    "tristeza"
  ],
  "per_class_f1": {
    "alegria": 0.5686746987951807,
    "desgosto": 0.5223880597014925,
    "medo": 0.37037037037037035,
    "neutro": 0.14285714285714285,
    "raiva": 0.3333333333333333,
    "surpresa": 0.375,
    "tristeza": 0.5295774647887324
  },
  "confusion_matrix": [
    [
      118,
      9,
      3,
      22,
      2,
      6,
      21
    ],
    [
      17,
      70,
      3,
      8,
      0,
      7,
      39
    ],
    [
      10,
      10,
      20,
      2,
      0,
      6,
      17
    ],
    [
      36,
      9,
      1,
      9,
      1,
      1,
      11
    ],
    [
      6,
      7,
      4,
      6,
      13,
      7,
      15
    ],
    [
      27,
      0,
      2,
      5,
      2,
      21,
      4
    ],
    [
      20,
      19,
      10,
      6,
      2,
      3,
      94
    ]
  ],
  "test_predictions": [
    2,
    1,
    6,
    6,
    1,
    0,
    0,
    6,
    6,
    0,
    6,
    0,
    3,
    6,
    1,
    0,
    6,
    6,
    0,
    6,
    0,
    6,
    0,
    0,
    5,
    5,
    2,
    6,
    3,
    1,
    3,
    6,
    6,
    5,
    5,
    0,
    1,
    6,
    0,
    4,
    6,
    3,
    0,
    5,
    0,
    2,
    1,
    6,
    5,
    3,
    1,
    0,
    6,
    5,
    2,
    2,
    6,
    0,
    0,
    0,
    0,
    6,
    0,
    5,
    6,
    6,
    0,
    2,
    0,
    6,
    0,
    6,
    0,
    5,
    0,
    1,
    3,
    1,
    1,
    0,
    5,
    0,
    1,
    1,
    0,
    6,
    0,
    1,
    0,
    3,
    6,
    1,
    6,
    2,
    6,
    1,
    4,
    0,
    6,
    1,
    0,
    6,
    2,
    6,
    6,
    1,
    6,
    1,
    6,
    0,
    0,
    2,
    6,
    0,
    6,
    6,
    1,
    3,
    3,
    0,
    5,
    2,
    6,
    6,
    5,
    0,
    0,
    3,
    0,
    6,
    0,
    0,
    5,
    6,
    6,
    1,
    1,
    0,
    5,
    3,
    2,
    0,
    1,
    6,
    0,
    6,
    1,
    1,
    0,
    0,
    6,
    3,
    4,
    6,
    1,
    0,
    2,
    6,
    1,
    6,
    6,
    6,
    6,
    0,
    0,
    6,
    1,
    3,
    0,
    5,
    1,
    2,
    5,
    3,
    0,
    5,
    0,
    1,
    1,
    1,
    0,
    6,
    0,
    0,
    6,
    0,
    2,
    6,
    5,
    1,
    5,
    6,
    1,
    0,
    6,
    3,
    1,
    0,
    3,
    1,
    4,
    4,
    6,
    5,
    1,
    0,
    0,
    0,
    2,
    5,
    0,
    1,
    1,
    6,
    6,
    5,
    3,
    6,
    6,
    0,
    6,
    5,
    0,
    6,
    0,
    1,
    5,
    5,
    6,
    4,
    6,
    6,
    0,
    0,
    0,
    6,
    0,
    2,
    6,
    0,
    6,
    0,
    0,
    0,
    0,
    6,
    0,
    0,
    0,
    0,
    6,
    3,
    1,
    0,
    1,
    1,
    6,
    4,
    0,
    1,
    0,
    0,
    0,
    4,
    0,
    6,
    6,
    0,
    1,
    1,
    0,
    0,
    1,
    6,
    1,
    6,
    0,
    0,
    2,
    0,
    1,
    1,
    1,
    0,
    0,
    0,
    0,
    5,
    6,
    2,
    1,
    6,
    3,
    6,
    6,
    1,
    0,
    6,
    6,
    6,
    6,
    5,
    6,
    6,
    6,
    6,
    0,
    6,
    6,
    1,
    6,
    0,
    4,
    0,
    1,
    6,
    6,
    6,
    1,
    6,
    5,
    3,
    6,
    6,
    0,
    6,
    1,
    0,
    3,
    0,
    0,
    2,
    1,
    6,
    6,
    1,
    0,
    1,
    6,
    0,
    1,
    1,
    4,
    6,
    0,
    1,
    0,
    6,
    6,
    6,
    0,
    6,
    1,
    6,
    3,
    0,
    0,
    5,
    0,
    1,
    0,
    0,
    0,
    3,
    3,
    0,
    0,
    0,
    1,
    1,
    5,
    1,
    0,
    0,
    0,
    1,
    0,
    0,
    1,
    0,
    1,
    1,
    6,
    0,
    0,
    6,
    6,
    0,
    1,
    3,
    6,
    2,
    0,
    1,
    0,
    2,
    1,
    1,
    1,
    6,
    1,
    3,
    0,
    0,
    1,
    1,
    5,
    0,
    1,
    1,
    0,
    0,
    2,
    2,
    0,
    6,
    0,
    3,
    6,
    0,
    0,
    0,
    3,
    6,
    6,
    6,
    0,
    0,
    5,
    6,
    0,
    0,
    6,
    4,
    6,
    1,
    2,
    0,
    0,
    0,
    6,
    5,
    6,
    2,
    6,
    6,
    6,
    6,
    0,
    4,
    1,
    5,
    6,
    3,
    0,
    6,
    5,
    5,
    0,
    5,
    0,
    6,
    6,
    1,
    0,
    6,
    0,
    6,
    6,
    6,
    6,
    6,
    0,
    3,
    6,
    0,
    0,
    3,
    6,
    2,
    2,
    1,
    0,
    0,
    1,
    2,
    6,
    6,
    2,
    3,
    6,
    1,
    0,
    1,
    2,
    3,
    2,
    2,
    6,
    1,
    6,
    0,
    0,
    0,
    6,
    6,
    6,
    0,
    0,
    6,
    5,
    6,
    0,
    0,
    5,
    4,
    6,
    0,
    0,
    4,
    0,
    6,
    0,
    6,
    0,
    0,
    3,
    0,
    0,
    0,
    0,
    1,
    0,
    6,
    0,
    2,
    6,
    6,
    3,
    6,
    6,
    0,
    0,
    0,
    6,
    2,
    0,
    6,
    6,
    2,
    2,
    1,
    6,
    6,
    3,
    1,
    1,
    6,
    6,
    1,
    1,
    0,
    2,
    6,
    1,
    4,
    1,
    6,
    3,
    0,
    2,
    1,
    0,
    1,
    6,
    0,
    0,
    1,
    1,
    1,
    0,
    0,
    3,
    0,
    6,
    0,
    6,
    6,
    0,
    5,
    5,
    0,
    6,
    6,
    0,
    2,
    0,
    0,
    6,
    6,
    3,
    0,
    0,
    1,
    6,
    0,
    0,
    4,
    6,
    1,
    0,
    0,
    1,
    0,
    6,
    0,
    3,
    0,
    1,
    0,
    1,
    0,
    5,
    3,
    3,
    0,
    6,
    1,
    5,
    6,
    0,
    3,
    0,
    6,
    4,
    1,
    4,
    1,
    6,
    0,
    1,
    3,
    0,
    3,
    0,
    1,
    3,
    0,
    3,
    6,
    6,
    6,
    6,
    3,
    6,
    3,
    6,
    5,
    6,
    2,
    0,
    3,
    1,
    6,
    0,
    1,
    6,
    0,
    2,
    6,
    0,
    1,
    1,
    0,
    5,
    0,
    0,
    0,
    6,
    1,
    0,
    0,
    3,
    5,
    5,
    6,
    4,
    3,
    1,
    0,
    6,
    6,
    5,
    6,
    4,
    6,
    0,
    6,
    1,
    0,
    5,
    3,
    2,
    0,
    3,
    1,
    0,
    3,
    0,
    0,
    0,
    3,
    5,
    5,
    6,
    0,
    6,
    0,
    3,
    1,
    0,
    1,
    2,
    6,
    1,
    3,
    1,
    0,
    0,
    0,
    6
  ],
  "params_trainable": 1314311,
  "epochs_run": 16,
  "train_seconds": 22.79293732699989,
  "framework": "tensorflow",
  "environment": {
    "device": "GPU",
    "python": "3.12.13"
  }
}