{
  "task": "multiclass",
  "model": "bert",
  "label": "bert",
  "seed": 7,
  "config": {
    "model": "neuralmind/bert-base-portuguese-cased",
    "pretrained_on": "brWaC (2.7B words, pt-BR)",
    "max_length": 64,
    "batch_size": 16,
    "lr_encoder": 2e-05,
    "lr_head": 0.001,
    "optimizer": "AdamW + OneCycle",
    "stopwords_removed": false,
    "best_val_accuracy": 0.625
  },
  "accuracy": 0.5417236662106704,
  "macro_f1": 0.48929277898589035,
  "weighted_f1": 0.5280139164963038,
  "macro_precision": 0.5557738987521061,
  "macro_recall": 0.4675466324517394,
  "accuracy_ci95": [
    0.5054798998454659,
    0.5775312031180162
  ],
  "majority_floor": 0.24794745484400657,
  "class_names": [
    "alegria",
    "desgosto",
    "medo",
    "neutro",
    "raiva",
    "surpresa",
    "tristeza"
  ],
  "per_class_f1": {
    "alegria": 0.7219512195121951,
    "desgosto": 0.45182724252491696,
    "medo": 0.35789473684210527,
    "neutro": 0.44036697247706424,
    "raiva": 0.47058823529411764,
    "surpresa": 0.44680851063829785,
    "tristeza": 0.5356125356125356
  },
  "confusion_matrix": [
    [
      148,
      11,
      2,
      6,
      5,
      2,
      7
    ],
    [
      19,
      68,
      1,
      6,
      0,
      1,
      49
    ],
    [
      6,
      16,
      17,
      0,
      3,
      1,
      22
    ],
    [
      22,
      17,
      1,
      24,
      0,
      2,
      2
    ],
    [
      2,
      9,
      0,
      4,
      24,
      3,
      16
    ],
    [
      18,
      2,
      5,
      0,
      8,
      21,
      7
    ],
    [
      14,
      34,
      4,
      1,
      4,
      3,
      94
    ]
  ],
  "test_predictions": [
    0,
    6,
    4,
    6,
    0,
    6,
    1,
    1,
    6,
    6,
    1,
    1,
    5,
    6,
    6,
    0,
    6,
    0,
    0,
    0,
    6,
    1,
    0,
    0,
    1,
    6,
    1,
    6,
    0,
    1,
    6,
    4,
    4,
    0,
    0,
    1,
    1,
    3,
    6,
    2,
    5,
    0,
    0,
    0,
    6,
    6,
    2,
    1,
    0,
    0,
    1,
    0,
    1,
    6,
    0,
    0,
    1,
    6,
    4,
    6,
    5,
    6,
    5,
    1,
    1,
    6,
    6,
    0,
    0,
    1,
    1,
    1,
    0,
    1,
    6,
    1,
    6,
    6,
    0,
    6,
    3,
    4,
    0,
    4,
    3,
    1,
    0,
    2,
    6,
    6,
    6,
    4,
    6,
    1,
    6,
    2,
    0,
    0,
    1,
    0,
    4,
    1,
    0,
    6,
    0,
    1,
    1,
    0,
    1,
    6,
    6,
    6,
    0,
    6,
    2,
    1,
    0,
    6,
    0,
    0,
    4,
    6,
    1,
    0,
    6,
    3,
    0,
    0,
    4,
    0,
    1,
    1,
    1,
    3,
    0,
    3,
    6,
    0,
    1,
    6,
    4,
    1,
    1,
    0,
    1,
    1,
    6,
    5,
    0,
    0,
    0,
    1,
    0,
    2,
    0,
    0,
    6,
    6,
    0,
    6,
    6,
    6,
    6,
    6,
    6,
    0,
    4,
    3,
    6,
    6,
    1,
    5,
    2,
    0,
    6,
    4,
    2,
    6,
    4,
    0,
    3,
    1,
    5,
    0,
    6,
    6,
    0,
    1,
    0,
    6,
    1,
    0,
    0,
    6,
    3,
    3,
    2,
    1,
    0,
    6,
    6,
    1,
    1,
    2,
    1,
    6,
    1,
    3,
    1,
    1,
    0,
    1,
    6,
    6,
    5,
    6,
    6,
    0,
    1,
    0,
    0,
    0,
    1,
    0,
    1,
    6,
    4,
    2,
    6,
    5,
    0,
    6,
    3,
    3,
    6,
    0,
    6,
    4,
    0,
    1,
    0,
    0,
    2,
    2,
    0,
    1,
    0,
    0,
    1,
    0,
    0,
    1,
    4,
    2,
    0,
    0,
    1,
    0,
    1,
    0,
    6,
    1,
    1,
    0,
    0,
    0,
    0,
    3,
    0,
    6,
    3,
    6,
    5,
    0,
    3,
    4,
    2,
    0,
    0,
    0,
    6,
    0,
    3,
    1,
    5,
    0,
    0,
    6,
    0,
    1,
    0,
    6,
    1,
    6,
    0,
    0,
    0,
    6,
    1,
    6,
    6,
    6,
    6,
    3,
    5,
    6,
    0,
    3,
    6,
    6,
    1,
    6,
    6,
    1,
    1,
    0,
    3,
    0,
    6,
    0,
    1,
    2,
    0,
    4,
    0,
    0,
    1,
    2,
    6,
    6,
    6,
    0,
    0,
    0,
    1,
    6,
    1,
    0,
    0,
    5,
    2,
    1,
    6,
    0,
    6,
    0,
    1,
    0,
    6,
    6,
    6,
    0,
    5,
    0,
    0,
    6,
    3,
    5,
    1,
    6,
    6,
    6,
    4,
    5,
    1,
    0,
    1,
    1,
    6,
    2,
    0,
    0,
    0,
    0,
    4,
    4,
    1,
    5,
    6,
    4,
    0,
    4,
    0,
    0,
    1,
    6,
    4,
    6,
    6,
    6,
    0,
    5,
    1,
    0,
    0,
    0,
    0,
    4,
    6,
    1,
    0,
    1,
    0,
    1,
    1,
    6,
    5,
    1,
    3,
    2,
    1,
    0,
    1,
    0,
    5,
    0,
    0,
    5,
    4,
    1,
    1,
    6,
    6,
    1,
    0,
    1,
    6,
    1,
    6,
    0,
    6,
    0,
    6,
    4,
    1,
    1,
    6,
    6,
    1,
    6,
    6,
    0,
    6,
    3,
    1,
    6,
    0,
    2,
    2,
    0,
    0,
    6,
    5,
    0,
    1,
    0,
    0,
    6,
    4,
    0,
    0,
    6,
    4,
    6,
    0,
    0,
    1,
    1,
    0,
    0,
    1,
    1,
    0,
    0,
    0,
    0,
    0,
    0,
    6,
    6,
    3,
    2,
    0,
    1,
    0,
    0,
    0,
    6,
    6,
    0,
    5,
    1,
    0,
    1,
    0,
    3,
    5,
    4,
    1,
    1,
    0,
    1,
    1,
    6,
    0,
    0,
    1,
    0,
    0,
    0,
    0,
    0,
    6,
    6,
    0,
    1,
    1,
    3,
    3,
    0,
    2,
    6,
    0,
    3,
    4,
    5,
    4,
    6,
    1,
    4,
    6,
    6,
    1,
    0,
    0,
    1,
    1,
    3,
    0,
    1,
    6,
    1,
    0,
    6,
    0,
    0,
    6,
    6,
    0,
    6,
    6,
    4,
    6,
    1,
    6,
    0,
    6,
    6,
    0,
    4,
    6,
    1,
    6,
    6,
    0,
    2,
    6,
    0,
    6,
    0,
    5,
    6,
    6,
    5,
    6,
    2,
    0,
    3,
    0,
    1,
    6,
    6,
    1,
    4,
    6,
    0,
    4,
    0,
    3,
    0,
    3,
    1,
    6,
    0,
    0,
    0,
    0,
    0,
    6,
    6,
    1,
    0,
    1,
    0,
    1,
    0,
    0,
    1,
    1,
    1,
    2,
    0,
    6,
    6,
    6,
    5,
    6,
    5,
    6,
    6,
    1,
    1,
    1,
    0,
    6,
    3,
    6,
    3,
    2,
    0,
    1,
    0,
    4,
    4,
    1,
    1,
    3,
    0,
    0,
    3,
    6,
    1,
    6,
    0,
    3,
    0,
    5,
    5,
    1,
    0,
    1,
    4,
    0,
    1,
    0,
    6,
    6,
    6,
    6,
    6,
    0,
    0,
    0,
    0,
    0,
    6,
    0,
    3,
    0,
    6,
    6,
    6,
    6,
    6,
    0,
    2,
    6,
    5,
    6,
    6,
    0,
    6,
    0,
    6,
    6,
    0,
    1,
    1,
    4,
    0,
    0,
    6,
    6,
    1,
    1,
    6,
    2,
    6,
    1,
    1,
    1,
    0,
    0,
    1,
    0,
    1,
    1,
    6,
    0,
    0,
    1,
    0,
    6,
    1,
    1,
    6,
    0,
    1,
    6,
    1,
    1,
    3,
    3,
    3,
    6,
    1,
    4,
    6,
    4,
    6,
    5
  ],
  "params_trainable": 108928519,
  "epochs_run": 4,
  "train_seconds": 32.471699170999955,
  "framework": "pytorch",
  "environment": {
    "device": "Tesla T4",
    "python": "3.12.13"
  }
}