{
  "task": "multiclass",
  "model": "lstm",
  "label": "lstm",
  "seed": 2024,
  "config": {
    "vocab_size": 5000,
    "embedding_dim": 128,
    "max_length": 48,
    "bidirectional": false,
    "stopwords_removed": true,
    "embeddings": "learned from scratch",
    "optimizer": "Adam(1e-3)",
    "vocabulary_seen": 7639
  },
  "accuracy": 0.4774281805745554,
  "macro_f1": 0.4002842032743275,
  "weighted_f1": 0.461256606207469,
  "macro_precision": 0.42720563759504565,
  "macro_recall": 0.3945642862158419,
  "accuracy_ci95": [
    0.4414317606165492,
    0.5136605935179605
  ],
  "majority_floor": 0.24794745484400657,
  "class_names": [
    "alegria",
    "desgosto",
    "medo",
    "neutro",
    "raiva",
    "surpresa",
    "tristeza"
  ],
  "per_class_f1": {
    "alegria": 0.5853658536585366,
    "desgosto": 0.5438066465256798,
    "medo": 0.423728813559322,
    "neutro": 0.10434782608695652,
    "raiva": 0.3409090909090909,
    "surpresa": 0.27184466019417475,
    "tristeza": 0.531986531986532
  },
  "confusion_matrix": [
    [
      120,
      17,
      3,
      20,
      3,
      5,
      13
    ],
    [
      20,
      90,
      5,
      5,
      2,
      3,
      19
    ],
    [
      12,
      11,
      25,
      1,
      0,
      3,
      13
    ],
    [
      30,
      17,
      2,
      6,
      2,
      2,
      9
    ],
    [
      7,
      11,
      2,
      3,
      15,
      12,
      8
    ],
    [
      16,
      10,
      4,
      9,
      6,
      14,
      2
    ],
    [
      24,
      31,
      12,
      3,
      2,
      3,
      79
    ]
  ],
  "test_predictions": [
    1,
    0,
    6,
    1,
    5,
    6,
    0,
    1,
    1,
    3,
    5,
    0,
    1,
    1,
    2,
    6,
    0,
    1,
    3,
    1,
    0,
    1,
    0,
    3,
    1,
    3,
    1,
    1,
    0,
    0,
    0,
    4,
    0,
    1,
    5,
    1,
    6,
    4,
    1,
    6,
    0,
    5,
    1,
    6,
    6,
    6,
    4,
    6,
    1,
    0,
    1,
    2,
    0,
    1,
    4,
    6,
    6,
    2,
    0,
    6,
    1,
    0,
    6,
    1,
    0,
    3,
    2,
    3,
    5,
    2,
    0,
    2,
    6,
    6,
    0,
    0,
    3,
    1,
    5,
    2,
    0,
    0,
    3,
    6,
    6,
    1,
    1,
    6,
    4,
    4,
    0,
    1,
    0,
    4,
    0,
    3,
    1,
    1,
    0,
    0,
    3,
    2,
    6,
    5,
    0,
    0,
    0,
    0,
    1,
    6,
    0,
    0,
    5,
    0,
    2,
    6,
    1,
    2,
    0,
    6,
    3,
    1,
    6,
    0,
    6,
    6,
    0,
    6,
    0,
    1,
    6,
    0,
    2,
    2,
    1,
    3,
    6,
    0,
    1,
    3,
    0,
    6,
    0,
    5,
    0,
    0,
    0,
    1,
    3,
    0,
    1,
    1,
    0,
    0,
    5,
    1,
    1,
    1,
    1,
    1,
    0,
    2,
    2,
    6,
    0,
    0,
    2,
    3,
    1,
    0,
    1,
    0,
    0,
    3,
    6,
    1,
    3,
    1,
    6,
    0,
    6,
    0,
    1,
    1,
    6,
    0,
    1,
    6,
    1,
    0,
    6,
    1,
    0,
    1,
    0,
    0,
    1,
    0,
    1,
    3,
    0,
    3,
    6,
    0,
    0,
    1,
    1,
    0,
    6,
    0,
    4,
    0,
    1,
    5,
    0,
    0,
    6,
    0,
    0,
    5,
    6,
    0,
    1,
    0,
    1,
    1,
    6,
    1,
    5,
    0,
    0,
    6,
    6,
    6,
    0,
    1,
    1,
    0,
    6,
    5,
    6,
    6,
    1,
    0,
    4,
    0,
    0,
    4,
    1,
    0,
    6,
    1,
    5,
    1,
    0,
    6,
    6,
    2,
    3,
    1,
    0,
    0,
    0,
    6,
    1,
    0,
    1,
    3,
    1,
    0,
    6,
    6,
    6,
    0,
    1,
    1,
    1,
    0,
    0,
    2,
    4,
    2,
    6,
    5,
    1,
    0,
    6,
    0,
    5,
    1,
    1,
    4,
    1,
    0,
    0,
    1,
    0,
    0,
    6,
    6,
    2,
    4,
    0,
    1,
    0,
    1,
    1,
    6,
    1,
    3,
    2,
    0,
    0,
    6,
    2,
    0,
    6,
    0,
    1,
    1,
    6,
    1,
    3,
    0,
    0,
    0,
    0,
    2,
    1,
    0,
    1,
    6,
    1,
    6,
    5,
    1,
    3,
    0,
    1,
    0,
    3,
    1,
    6,
    0,
    1,
    0,
    4,
    0,
    0,
    3,
    3,
    0,
    0,
    1,
    6,
    0,
    6,
    6,
    3,
    0,
    0,
    0,
    4,
    0,
    6,
    1,
    1,
    0,
    5,
    6,
    0,
    0,
    6,
    5,
    1,
    5,
    0,
    6,
    6,
    6,
    1,
    0,
    5,
    3,
    3,
    1,
    6,
    2,
    6,
    5,
    1,
    1,
    4,
    1,
    4,
    3,
    6,
    6,
    5,
    0,
    1,
    0,
    1,
    6,
    3,
    4,
    2,
    1,
    2,
    0,
    5,
    1,
    5,
    0,
    0,
    1,
    0,
    0,
    0,
    6,
    0,
    3,
    5,
    0,
    1,
    0,
    6,
    3,
    0,
    4,
    2,
    1,
    1,
    6,
    0,
    1,
    0,
    0,
    0,
    3,
    1,
    0,
    5,
    5,
    6,
    0,
    0,
    1,
    3,
    1,
    0,
    1,
    3,
    2,
    0,
    1,
    0,
    1,
    1,
    0,
    2,
    0,
    0,
    0,
    2,
    0,
    1,
    1,
    6,
    6,
    5,
    5,
    0,
    0,
    1,
    3,
    1,
    1,
    4,
    1,
    6,
    1,
    0,
    0,
    0,
    1,
    6,
    0,
    0,
    0,
    5,
    6,
    0,
    6,
    1,
    4,
    0,
    6,
    0,
    4,
    1,
    1,
    3,
    6,
    1,
    6,
    1,
    0,
    6,
    5,
    1,
    2,
    6,
    1,
    0,
    3,
    1,
    0,
    1,
    2,
    1,
    6,
    1,
    2,
    6,
    0,
    1,
    0,
    0,
    1,
    3,
    5,
    6,
    0,
    2,
    6,
    1,
    0,
    2,
    5,
    0,
    1,
    5,
    0,
    6,
    4,
    2,
    1,
    1,
    6,
    1,
    1,
    1,
    1,
    4,
    1,
    1,
    0,
    0,
    0,
    1,
    1,
    0,
    1,
    1,
    0,
    1,
    6,
    6,
    0,
    0,
    4,
    0,
    0,
    1,
    0,
    0,
    1,
    0,
    6,
    2,
    1,
    6,
    0,
    1,
    0,
    1,
    1,
    5,
    0,
    6,
    4,
    6,
    6,
    1,
    0,
    0,
    0,
    6,
    3,
    0,
    0,
    0,
    4,
    6,
    6,
    1,
    5,
    0,
    6,
    6,
    3,
    6,
    5,
    2,
    6,
    6,
    6,
    0,
    2,
    2,
    2,
    0,
    2,
    0,
    2,
    2,
    6,
    0,
    2,
    3,
    0,
    1,
    2,
    6,
    1,
    6,
    1,
    0,
    3,
    0,
    6,
    6,
    6,
    6,
    4,
    1,
    6,
    6,
    2,
    0,
    1,
    1,
    0,
    6,
    2,
    6,
    2,
    1,
    1,
    6,
    1,
    0,
    1,
    1,
    6,
    0,
    1,
    1,
    0,
    1,
    5,
    0,
    2,
    0,
    0,
    6,
    4,
    3,
    1,
    0,
    2,
    5,
    6,
    0,
    5,
    0,
    6,
    4,
    6,
    2,
    1,
    1,
    6,
    1,
    1,
    6,
    6,
    0,
    0,
    1,
    2,
    0,
    6,
    0,
    0,
    0,
    1,
    6,
    0,
    0,
    0,
    0,
    1,
    1,
    2,
    0,
    0,
    0,
    3,
    6,
    0,
    1,
    6,
    1,
    6,
    1,
    6,
    0,
    6,
    0
  ],
  "params_trainable": 911879,
  "epochs_run": 22,
  "train_seconds": 19.133894213000076,
  "framework": "tensorflow",
  "environment": {
    "device": "GPU",
    "python": "3.12.13"
  }
}