{
  "task": "multiclass",
  "model": "tfidf_svm",
  "label": "tfidf_svm",
  "seed": 7,
  "config": {
    "vectorizer": "word(1,2) + char_wb(3,5) TF-IDF",
    "classifier": "LinearSVC(class_weight=balanced)",
    "n_features": 36257
  },
  "accuracy": 0.5266757865937073,
  "macro_f1": 0.48916911512965466,
  "weighted_f1": 0.5261005964731907,
  "macro_precision": 0.5001096191645104,
  "macro_recall": 0.4819852201802197,
  "accuracy_ci95": [
    0.4904364740713498,
    0.5626361983151387
  ],
  "majority_floor": 0.24794745484400657,
  "class_names": [
    "alegria",
    "desgosto",
    "medo",
    "neutro",
    "raiva",
    "surpresa",
    "tristeza"
  ],
  "per_class_f1": {
    "alegria": 0.6310160427807486,
    "desgosto": 0.5204460966542751,
    "medo": 0.47540983606557374,
    "neutro": 0.2206896551724138,
    "raiva": 0.5,
    "surpresa": 0.48695652173913045,
    "tristeza": 0.5896656534954408
  },
  "confusion_matrix": [
    [
      118,
      9,
      4,
      27,
      3,
      3,
      17
    ],
    [
      16,
      70,
      8,
      13,
      2,
      6,
      29
    ],
    [
      7,
      13,
      29,
      0,
      5,
      4,
      7
    ],
    [
      25,
      11,
      2,
      16,
      2,
      4,
      8
    ],
    [
      5,
      8,
      0,
      5,
      27,
      5,
      8
    ],
    [
      7,
      5,
      0,
      5,
      7,
      28,
      9
    ],
    [
      15,
      9,
      14,
      11,
      4,
      4,
      97
    ]
  ],
  "test_predictions": [
    0,
    6,
    0,
    6,
    3,
    6,
    6,
    2,
    6,
    1,
    1,
    1,
    4,
    2,
    4,
    2,
    5,
    0,
    0,
    0,
    6,
    1,
    0,
    5,
    2,
    6,
    1,
    2,
    3,
    3,
    1,
    6,
    6,
    0,
    1,
    1,
    2,
    0,
    1,
    4,
    5,
    3,
    0,
    6,
    6,
    0,
    1,
    1,
    0,
    3,
    3,
    3,
    1,
    0,
    3,
    0,
    1,
    6,
    1,
    6,
    0,
    1,
    5,
    0,
    2,
    6,
    6,
    0,
    0,
    6,
    0,
    1,
    0,
    1,
    1,
    0,
    1,
    2,
    5,
    6,
    4,
    4,
    6,
    5,
    1,
    3,
    0,
    1,
    2,
    6,
    6,
    4,
    4,
    0,
    4,
    2,
    6,
    6,
    1,
    1,
    5,
    1,
    0,
    6,
    0,
    3,
    1,
    3,
    3,
    6,
    2,
    1,
    0,
    6,
    5,
    1,
    0,
    6,
    0,
    1,
    0,
    6,
    6,
    3,
    2,
    3,
    0,
    0,
    4,
    3,
    3,
    1,
    3,
    4,
    0,
    5,
    1,
    0,
    2,
    2,
    0,
    6,
    1,
    0,
    5,
    1,
    6,
    4,
    0,
    0,
    4,
    1,
    6,
    6,
    0,
    0,
    0,
    1,
    0,
    5,
    6,
    4,
    2,
    6,
    6,
    3,
    4,
    3,
    6,
    6,
    0,
    6,
    6,
    1,
    4,
    6,
    6,
    6,
    4,
    0,
    6,
    1,
    5,
    0,
    6,
    6,
    0,
    1,
    0,
    6,
    6,
    0,
    0,
    3,
    3,
    0,
    1,
    2,
    0,
    6,
    1,
    2,
    0,
    2,
    1,
    6,
    6,
    3,
    4,
    1,
    0,
    2,
    6,
    6,
    5,
    6,
    1,
    6,
    1,
    6,
    2,
    3,
    1,
    0,
    0,
    6,
    4,
    2,
    1,
    5,
    3,
    6,
    0,
    3,
    2,
    0,
    6,
    4,
    3,
    6,
    0,
    0,
    2,
    5,
    5,
    0,
    0,
    0,
    1,
    3,
    6,
    6,
    6,
    6,
    0,
    0,
    3,
    0,
    3,
    0,
    1,
    6,
    0,
    0,
    0,
    0,
    0,
    0,
    0,
    1,
    0,
    4,
    5,
    6,
    6,
    5,
    2,
    0,
    0,
    6,
    6,
    0,
    1,
    1,
    5,
    3,
    0,
    6,
    0,
    6,
    3,
    6,
    0,
    2,
    3,
    0,
    5,
    4,
    3,
    6,
    6,
    2,
    6,
    0,
    5,
    4,
    3,
    0,
    6,
    1,
    1,
    4,
    6,
    1,
    6,
    0,
    0,
    3,
    6,
    0,
    0,
    2,
    6,
    2,
    6,
    1,
    1,
    1,
    0,
    6,
    3,
    0,
    3,
    0,
    1,
    6,
    3,
    0,
    0,
    5,
    2,
    6,
    6,
    0,
    6,
    0,
    1,
    6,
    5,
    1,
    1,
    0,
    5,
    0,
    6,
    1,
    1,
    5,
    3,
    2,
    1,
    6,
    4,
    5,
    1,
    0,
    2,
    1,
    6,
    0,
    4,
    0,
    0,
    0,
    5,
    4,
    2,
    5,
    2,
    4,
    4,
    6,
    5,
    0,
    6,
    6,
    5,
    6,
    6,
    2,
    6,
    6,
    2,
    0,
    0,
    0,
    0,
    0,
    6,
    1,
    6,
    1,
    3,
    6,
    3,
    6,
    6,
    1,
    3,
    2,
    1,
    0,
    1,
    0,
    5,
    0,
    0,
    5,
    4,
    2,
    1,
    4,
    6,
    1,
    0,
    1,
    4,
    1,
    6,
    0,
    6,
    5,
    0,
    4,
    0,
    1,
    6,
    6,
    2,
    2,
    6,
    0,
    1,
    3,
    2,
    6,
    1,
    2,
    2,
    1,
    0,
    6,
    5,
    3,
    0,
    5,
    0,
    6,
    4,
    1,
    0,
    5,
    4,
    2,
    0,
    6,
    6,
    3,
    0,
    1,
    0,
    2,
    0,
    4,
    0,
    0,
    0,
    0,
    6,
    1,
    0,
    2,
    3,
    3,
    6,
    0,
    3,
    6,
    6,
    0,
    5,
    1,
    6,
    1,
    0,
    3,
    5,
    5,
    2,
    6,
    3,
    0,
    1,
    6,
    0,
    1,
    1,
    0,
    3,
    0,
    0,
    0,
    6,
    1,
    0,
    1,
    1,
    3,
    3,
    3,
    2,
    6,
    0,
    0,
    1,
    6,
    4,
    6,
    1,
    4,
    6,
    6,
    6,
    3,
    0,
    3,
    6,
    3,
    0,
    1,
    1,
    6,
    3,
    1,
    6,
    3,
    4,
    6,
    0,
    3,
    6,
    4,
    6,
    3,
    6,
    0,
    6,
    0,
    6,
    4,
    6,
    6,
    1,
    1,
    1,
    2,
    6,
    0,
    1,
    0,
    5,
    6,
    1,
    5,
    6,
    4,
    3,
    5,
    0,
    0,
    6,
    1,
    1,
    6,
    3,
    5,
    4,
    6,
    0,
    0,
    1,
    1,
    1,
    0,
    3,
    0,
    1,
    0,
    6,
    0,
    6,
    5,
    1,
    3,
    0,
    0,
    0,
    6,
    0,
    6,
    2,
    0,
    6,
    6,
    6,
    3,
    0,
    6,
    6,
    0,
    1,
    1,
    2,
    0,
    6,
    3,
    3,
    0,
    2,
    0,
    3,
    5,
    5,
    4,
    6,
    1,
    3,
    0,
    0,
    0,
    6,
    6,
    6,
    0,
    0,
    0,
    0,
    5,
    0,
    0,
    1,
    4,
    0,
    0,
    0,
    6,
    6,
    1,
    6,
    4,
    3,
    5,
    0,
    0,
    0,
    4,
    3,
    1,
    0,
    6,
    2,
    6,
    6,
    2,
    0,
    2,
    6,
    5,
    5,
    6,
    3,
    6,
    0,
    3,
    1,
    3,
    2,
    1,
    4,
    0,
    3,
    6,
    1,
    0,
    0,
    6,
    5,
    2,
    1,
    3,
    0,
    0,
    0,
    1,
    0,
    1,
    1,
    6,
    6,
    0,
    1,
    0,
    2,
    1,
    0,
    6,
    0,
    1,
    6,
    1,
    5,
    1,
    5,
    4,
    6,
    1,
    4,
    6,
    4,
    6,
    5
  ],
  "params_trainable": 36257,
  "epochs_run": 0,
  "train_seconds": 0.6035887000034563,
  "framework": "sklearn",
  "environment": {
    "device": "",
    "python": "3.13.12"
  }
}