{
  "task": "multiclass",
  "model": "lstm",
  "label": "lstm",
  "seed": 7,
  "config": {
    "vocab_size": 5000,
    "embedding_dim": 128,
    "max_length": 48,
    "bidirectional": false,
    "stopwords_removed": true,
    "embeddings": "learned from scratch",
    "optimizer": "Adam(1e-3)",
    "vocabulary_seen": 7519
  },
  "accuracy": 0.44049247606019154,
  "macro_f1": 0.41091850103279326,
  "weighted_f1": 0.45793359743123846,
  "macro_precision": 0.44603631788054304,
  "macro_recall": 0.404098852842079,
  "accuracy_ci95": [
    0.4049080758309307,
    0.4766990396145949
  ],
  "majority_floor": 0.24794745484400657,
  "class_names": [
    "alegria",
    "desgosto",
    "medo",
    "neutro",
    "raiva",
    "surpresa",
    "tristeza"
  ],
  "per_class_f1": {
    "alegria": 0.5895953757225434,
    "desgosto": 0.4541832669322709,
    "medo": 0.34146341463414637,
    "neutro": 0.19534883720930232,
    "raiva": 0.42696629213483145,
    "surpresa": 0.33783783783783783,
    "tristeza": 0.5310344827586206
  },
  "confusion_matrix": [
    [
      102,
      7,
      7,
      46,
      2,
      11,
      6
    ],
    [
      13,
      57,
      12,
      31,
      1,
      8,
      22
    ],
    [
      3,
      7,
      21,
      11,
      0,
      10,
      13
    ],
    [
      22,
      12,
      1,
      21,
      1,
      6,
      5
    ],
    [
      4,
      6,
      1,
      5,
      19,
      17,
      6
    ],
    [
      9,
      2,
      4,
      11,
      3,
      25,
      7
    ],
    [
      12,
      16,
      12,
      22,
      5,
      10,
      77
    ]
  ],
  "test_predictions": [
    0,
    6,
    0,
    6,
    3,
    6,
    6,
    2,
    6,
    1,
    6,
    1,
    4,
    2,
    4,
    2,
    1,
    0,
    0,
    0,
    2,
    1,
    3,
    5,
    5,
    6,
    1,
    6,
    3,
    3,
    1,
    4,
    3,
    0,
    3,
    1,
    2,
    0,
    1,
    4,
    5,
    3,
    0,
    4,
    2,
    3,
    2,
    1,
    0,
    3,
    0,
    3,
    1,
    0,
    3,
    3,
    1,
    6,
    5,
    2,
    5,
    1,
    5,
    0,
    3,
    6,
    6,
    0,
    3,
    6,
    3,
    1,
    0,
    1,
    3,
    0,
    1,
    2,
    5,
    6,
    5,
    0,
    1,
    5,
    1,
    0,
    0,
    3,
    2,
    6,
    5,
    4,
    4,
    3,
    5,
    6,
    6,
    6,
    1,
    3,
    0,
    1,
    0,
    6,
    0,
    3,
    1,
    3,
    0,
    6,
    6,
    6,
    0,
    6,
    3,
    1,
    0,
    6,
    0,
    5,
    5,
    5,
    6,
    3,
    0,
    3,
    0,
    0,
    4,
    3,
    3,
    6,
    3,
    5,
    0,
    5,
    1,
    0,
    2,
    2,
    4,
    6,
    1,
    0,
    3,
    1,
    6,
    5,
    3,
    0,
    5,
    1,
    1,
    0,
    0,
    0,
    0,
    3,
    0,
    5,
    6,
    4,
    6,
    6,
    6,
    3,
    5,
    0,
    6,
    1,
    3,
    6,
    6,
    1,
    3,
    6,
    6,
    1,
    4,
    0,
    3,
    2,
    5,
    0,
    1,
    6,
    0,
    1,
    0,
    6,
    6,
    3,
    0,
    3,
    3,
    0,
    1,
    3,
    0,
    6,
    1,
    2,
    3,
    5,
    1,
    6,
    6,
    4,
    5,
    1,
    0,
    2,
    6,
    6,
    5,
    6,
    1,
    0,
    1,
    2,
    2,
    3,
    1,
    0,
    3,
    4,
    5,
    2,
    6,
    5,
    3,
    6,
    3,
    3,
    2,
    0,
    6,
    5,
    3,
    6,
    0,
    0,
    2,
    5,
    5,
    0,
    0,
    0,
    6,
    3,
    0,
    5,
    6,
    6,
    0,
    3,
    3,
    0,
    3,
    5,
    1,
    1,
    0,
    0,
    3,
    0,
    0,
    5,
    0,
    1,
    3,
    5,
    5,
    3,
    0,
    3,
    2,
    0,
    0,
    2,
    6,
    0,
    3,
    6,
    5,
    3,
    0,
    4,
    5,
    2,
    3,
    6,
    0,
    2,
    3,
    0,
    3,
    5,
    0,
    6,
    6,
    2,
    1,
    3,
    5,
    0,
    3,
    0,
    6,
    1,
    1,
    5,
    6,
    1,
    2,
    0,
    0,
    3,
    1,
    5,
    1,
    2,
    6,
    2,
    3,
    1,
    1,
    1,
    3,
    6,
    3,
    0,
    3,
    0,
    1,
    6,
    3,
    0,
    0,
    5,
    2,
    1,
    6,
    0,
    1,
    0,
    1,
    2,
    5,
    1,
    1,
    3,
    2,
    0,
    6,
    1,
    1,
    5,
    2,
    2,
    1,
    6,
    4,
    5,
    1,
    0,
    2,
    1,
    6,
    5,
    4,
    3,
    0,
    0,
    0,
    5,
    3,
    5,
    6,
    5,
    4,
    6,
    5,
    0,
    6,
    6,
    5,
    3,
    6,
    1,
    3,
    6,
    3,
    0,
    0,
    0,
    0,
    0,
    6,
    6,
    6,
    1,
    0,
    5,
    3,
    0,
    0,
    1,
    3,
    2,
    1,
    0,
    0,
    0,
    5,
    3,
    3,
    5,
    5,
    3,
    0,
    4,
    6,
    1,
    3,
    3,
    1,
    1,
    6,
    0,
    6,
    5,
    0,
    4,
    3,
    6,
    6,
    2,
    3,
    2,
    6,
    0,
    5,
    3,
    3,
    6,
    1,
    3,
    2,
    3,
    0,
    1,
    5,
    3,
    3,
    5,
    0,
    6,
    5,
    1,
    0,
    4,
    4,
    5,
    0,
    1,
    6,
    3,
    3,
    1,
    3,
    2,
    0,
    4,
    3,
    0,
    0,
    1,
    6,
    3,
    3,
    6,
    3,
    3,
    6,
    0,
    3,
    6,
    6,
    0,
    5,
    1,
    6,
    1,
    0,
    3,
    5,
    5,
    2,
    6,
    3,
    1,
    1,
    6,
    0,
    0,
    3,
    0,
    3,
    3,
    0,
    0,
    6,
    1,
    3,
    1,
    6,
    0,
    3,
    3,
    2,
    6,
    0,
    3,
    5,
    4,
    2,
    6,
    1,
    5,
    6,
    6,
    6,
    3,
    0,
    3,
    6,
    3,
    0,
    1,
    3,
    2,
    3,
    2,
    2,
    3,
    0,
    6,
    0,
    3,
    6,
    5,
    1,
    3,
    6,
    0,
    6,
    0,
    6,
    5,
    6,
    6,
    1,
    1,
    3,
    5,
    2,
    0,
    1,
    0,
    3,
    6,
    1,
    5,
    6,
    5,
    3,
    5,
    0,
    3,
    6,
    2,
    1,
    4,
    3,
    5,
    3,
    0,
    0,
    0,
    1,
    1,
    3,
    5,
    3,
    3,
    3,
    0,
    0,
    5,
    6,
    3,
    1,
    0,
    3,
    0,
    3,
    6,
    0,
    1,
    6,
    0,
    6,
    6,
    6,
    5,
    0,
    4,
    6,
    4,
    3,
    1,
    5,
    0,
    6,
    3,
    3,
    0,
    2,
    0,
    3,
    3,
    5,
    4,
    6,
    1,
    3,
    0,
    0,
    0,
    6,
    6,
    6,
    0,
    0,
    3,
    0,
    6,
    3,
    0,
    1,
    4,
    0,
    3,
    0,
    6,
    6,
    1,
    6,
    5,
    3,
    5,
    0,
    0,
    0,
    2,
    3,
    5,
    3,
    2,
    2,
    6,
    6,
    2,
    0,
    3,
    6,
    5,
    5,
    3,
    0,
    6,
    0,
    3,
    1,
    3,
    2,
    0,
    4,
    0,
    3,
    2,
    1,
    1,
    0,
    6,
    5,
    2,
    1,
    3,
    0,
    0,
    0,
    1,
    0,
    1,
    1,
    2,
    3,
    0,
    1,
    0,
    6,
    1,
    3,
    6,
    3,
    2,
    0,
    6,
    5,
    1,
    5,
    5,
    6,
    1,
    4,
    6,
    4,
    2,
    5
  ],
  "params_trainable": 911879,
  "epochs_run": 18,
  "train_seconds": 14.637834415000043,
  "framework": "tensorflow",
  "environment": {
    "device": "GPU",
    "python": "3.12.13"
  }
}