{
  "task": "multiclass",
  "model": "lstm",
  "label": "lstm",
  "seed": 42,
  "config": {
    "vocab_size": 5000,
    "embedding_dim": 128,
    "max_length": 48,
    "bidirectional": false,
    "stopwords_removed": true,
    "embeddings": "learned from scratch",
    "optimizer": "Adam(1e-3)",
    "vocabulary_seen": 7681
  },
  "accuracy": 0.466484268125855,
  "macro_f1": 0.42438043029516326,
  "weighted_f1": 0.4669304629623117,
  "macro_precision": 0.43943630840477155,
  "macro_recall": 0.4181045478856375,
  "accuracy_ci95": [
    0.43058927879001047,
    0.502729671288504
  ],
  "majority_floor": 0.24794745484400657,
  "class_names": [
    "alegria",
    "desgosto",
    "medo",
    "neutro",
    "raiva",
    "surpresa",
    "tristeza"
  ],
  "per_class_f1": {
    "alegria": 0.5507246376811594,
    "desgosto": 0.5194805194805194,
    "medo": 0.3795620437956204,
    "neutro": 0.14492753623188406,
    "raiva": 0.4842105263157895,
    "surpresa": 0.3559322033898305,
    "tristeza": 0.5358255451713395
  },
  "confusion_matrix": [
    [
      95,
      19,
      7,
      32,
      2,
      10,
      16
    ],
    [
      8,
      80,
      7,
      10,
      1,
      7,
      31
    ],
    [
      5,
      11,
      26,
      3,
      2,
      5,
      13
    ],
    [
      23,
      17,
      6,
      10,
      1,
      5,
      6
    ],
    [
      3,
      9,
      7,
      3,
      23,
      3,
      10
    ],
    [
      14,
      8,
      4,
      5,
      4,
      21,
      5
    ],
    [
      16,
      20,
      15,
      7,
      4,
      6,
      86
    ]
  ],
  "test_predictions": [
    2,
    1,
    1,
    6,
    1,
    4,
    1,
    0,
    6,
    4,
    6,
    0,
    5,
    6,
    1,
    0,
    6,
    6,
    4,
    6,
    0,
    6,
    0,
    1,
    4,
    5,
    2,
    6,
    3,
    1,
    5,
    6,
    6,
    5,
    5,
    0,
    1,
    6,
    1,
    4,
    4,
    3,
    0,
    5,
    0,
    2,
    1,
    6,
    2,
    3,
    1,
    3,
    6,
    5,
    2,
    2,
    2,
    0,
    2,
    0,
    0,
    6,
    0,
    5,
    6,
    6,
    0,
    4,
    6,
    6,
    0,
    6,
    1,
    4,
    0,
    1,
    3,
    1,
    1,
    1,
    5,
    0,
    1,
    6,
    0,
    0,
    1,
    1,
    1,
    3,
    6,
    1,
    6,
    2,
    6,
    1,
    4,
    1,
    6,
    1,
    3,
    6,
    2,
    6,
    6,
    1,
    6,
    4,
    6,
    0,
    0,
    2,
    6,
    0,
    6,
    2,
    1,
    3,
    3,
    6,
    5,
    5,
    6,
    6,
    5,
    3,
    0,
    3,
    0,
    1,
    0,
    0,
    5,
    2,
    6,
    1,
    1,
    0,
    2,
    3,
    6,
    3,
    2,
    1,
    0,
    6,
    1,
    1,
    5,
    0,
    6,
    3,
    4,
    6,
    1,
    0,
    2,
    6,
    1,
    0,
    1,
    6,
    6,
    1,
    0,
    2,
    1,
    4,
    1,
    2,
    1,
    2,
    5,
    3,
    0,
    5,
    0,
    1,
    1,
    1,
    0,
    6,
    0,
    0,
    6,
    0,
    6,
    6,
    5,
    1,
    4,
    0,
    1,
    0,
    6,
    3,
    1,
    0,
    3,
    1,
    4,
    4,
    6,
    5,
    1,
    1,
    0,
    0,
    6,
    2,
    0,
    1,
    1,
    1,
    6,
    5,
    5,
    1,
    6,
    0,
    6,
    5,
    0,
    6,
    0,
    1,
    5,
    5,
    6,
    4,
    1,
    6,
    0,
    0,
    0,
    6,
    0,
    2,
    3,
    0,
    2,
    0,
    0,
    5,
    0,
    6,
    0,
    0,
    3,
    0,
    6,
    3,
    1,
    0,
    1,
    1,
    0,
    4,
    0,
    1,
    0,
    0,
    0,
    4,
    0,
    3,
    6,
    1,
    1,
    1,
    0,
    0,
    6,
    1,
    1,
    6,
    0,
    3,
    2,
    1,
    1,
    1,
    5,
    0,
    0,
    0,
    0,
    5,
    6,
    2,
    1,
    1,
    3,
    6,
    6,
    2,
    0,
    1,
    1,
    6,
    2,
    2,
    0,
    2,
    6,
    6,
    0,
    6,
    6,
    1,
    1,
    0,
    4,
    0,
    1,
    6,
    6,
    6,
    1,
    6,
    2,
    3,
    6,
    6,
    0,
    6,
    1,
    0,
    3,
    0,
    0,
    4,
    1,
    6,
    6,
    1,
    3,
    1,
    6,
    0,
    1,
    1,
    4,
    6,
    2,
    1,
    3,
    6,
    6,
    1,
    0,
    0,
    1,
    6,
    3,
    0,
    0,
    5,
    1,
    1,
    1,
    0,
    1,
    3,
    1,
    0,
    1,
    2,
    1,
    1,
    5,
    1,
    3,
    5,
    2,
    1,
    0,
    5,
    1,
    2,
    1,
    1,
    6,
    0,
    0,
    4,
    6,
    0,
    1,
    3,
    6,
    2,
    0,
    1,
    0,
    6,
    6,
    1,
    1,
    2,
    1,
    3,
    0,
    0,
    1,
    1,
    5,
    1,
    1,
    2,
    6,
    0,
    2,
    2,
    5,
    6,
    3,
    3,
    1,
    0,
    0,
    6,
    0,
    6,
    6,
    1,
    0,
    0,
    1,
    6,
    1,
    0,
    6,
    4,
    6,
    1,
    2,
    0,
    6,
    0,
    6,
    2,
    6,
    4,
    6,
    6,
    6,
    6,
    0,
    5,
    1,
    5,
    1,
    3,
    3,
    6,
    5,
    5,
    3,
    1,
    0,
    1,
    1,
    1,
    0,
    2,
    3,
    6,
    6,
    6,
    1,
    6,
    1,
    3,
    6,
    6,
    1,
    1,
    6,
    2,
    2,
    1,
    0,
    0,
    1,
    2,
    6,
    6,
    2,
    3,
    1,
    3,
    0,
    1,
    2,
    3,
    2,
    6,
    6,
    1,
    2,
    0,
    0,
    0,
    6,
    6,
    6,
    0,
    0,
    1,
    5,
    6,
    5,
    5,
    5,
    4,
    6,
    0,
    0,
    5,
    0,
    6,
    0,
    6,
    6,
    3,
    3,
    0,
    3,
    0,
    6,
    1,
    0,
    6,
    1,
    4,
    6,
    6,
    3,
    1,
    6,
    0,
    0,
    0,
    6,
    2,
    3,
    6,
    6,
    2,
    2,
    1,
    6,
    6,
    3,
    1,
    1,
    6,
    6,
    1,
    1,
    0,
    6,
    6,
    1,
    4,
    2,
    6,
    5,
    0,
    2,
    1,
    0,
    1,
    6,
    0,
    1,
    1,
    3,
    2,
    1,
    0,
    5,
    1,
    6,
    3,
    6,
    6,
    0,
    2,
    5,
    0,
    6,
    6,
    4,
    2,
    0,
    1,
    6,
    0,
    2,
    0,
    0,
    1,
    6,
    0,
    0,
    5,
    6,
    1,
    2,
    0,
    1,
    0,
    6,
    0,
    3,
    0,
    1,
    0,
    5,
    0,
    5,
    3,
    1,
    0,
    4,
    2,
    5,
    0,
    3,
    3,
    0,
    6,
    5,
    1,
    4,
    1,
    6,
    3,
    2,
    3,
    0,
    3,
    0,
    2,
    4,
    0,
    5,
    6,
    6,
    6,
    6,
    3,
    6,
    3,
    6,
    5,
    6,
    2,
    3,
    3,
    1,
    1,
    0,
    1,
    6,
    5,
    6,
    1,
    0,
    1,
    0,
    1,
    5,
    0,
    4,
    3,
    6,
    1,
    0,
    0,
    3,
    5,
    2,
    2,
    4,
    4,
    1,
    0,
    6,
    6,
    5,
    0,
    4,
    6,
    2,
    6,
    1,
    2,
    4,
    2,
    2,
    0,
    3,
    1,
    2,
    3,
    0,
    0,
    0,
    3,
    5,
    5,
    1,
    3,
    6,
    0,
    3,
    1,
    2,
    1,
    2,
    4,
    1,
    1,
    3,
    0,
    2,
    3,
    6
  ],
  "params_trainable": 911879,
  "epochs_run": 33,
  "train_seconds": 24.850119103999873,
  "framework": "tensorflow",
  "environment": {
    "device": "GPU",
    "python": "3.12.13"
  }
}