{
  "task": "multiclass",
  "model": "tfidf_svm",
  "label": "tfidf_svm",
  "seed": 2024,
  "config": {
    "vectorizer": "word(1,2) + char_wb(3,5) TF-IDF",
    "classifier": "LinearSVC(class_weight=balanced)",
    "n_features": 35617
  },
  "accuracy": 0.5526675786593708,
  "macro_f1": 0.5078447047116832,
  "weighted_f1": 0.5457991548407501,
  "macro_precision": 0.5318305078448976,
  "macro_recall": 0.49607406780304675,
  "accuracy_ci95": [
    0.516441236237739,
    0.5883432707817385
  ],
  "majority_floor": 0.24794745484400657,
  "class_names": [
    "alegria",
    "desgosto",
    "medo",
    "neutro",
    "raiva",
    "surpresa",
    "tristeza"
  ],
  "per_class_f1": {
    "alegria": 0.6449864498644986,
    "desgosto": 0.5676567656765676,
    "medo": 0.5185185185185185,
    "neutro": 0.18487394957983194,
    "raiva": 0.48148148148148145,
    "surpresa": 0.5585585585585585,
    "tristeza": 0.5988372093023255
  },
  "confusion_matrix": [
    [
      119,
      15,
      3,
      23,
      5,
      2,
      14
    ],
    [
      12,
      86,
      4,
      7,
      5,
      3,
      27
    ],
    [
      4,
      10,
      28,
      1,
      4,
      3,
      15
    ],
    [
      26,
      16,
      1,
      11,
      1,
      1,
      12
    ],
    [
      2,
      8,
      2,
      3,
      26,
      5,
      12
    ],
    [
      12,
      5,
      0,
      4,
      2,
      31,
      7
    ],
    [
      13,
      19,
      5,
      2,
      7,
      5,
      103
    ]
  ],
  "test_predictions": [
    1,
    0,
    6,
    1,
    5,
    6,
    0,
    3,
    1,
    3,
    5,
    0,
    1,
    1,
    1,
    6,
    4,
    1,
    5,
    1,
    6,
    1,
    0,
    3,
    1,
    0,
    1,
    1,
    0,
    3,
    0,
    6,
    6,
    1,
    6,
    1,
    6,
    4,
    1,
    6,
    0,
    6,
    1,
    6,
    6,
    1,
    4,
    6,
    5,
    0,
    2,
    6,
    0,
    1,
    4,
    6,
    4,
    4,
    6,
    1,
    1,
    5,
    6,
    4,
    0,
    3,
    2,
    3,
    2,
    6,
    1,
    2,
    6,
    6,
    0,
    0,
    5,
    1,
    2,
    6,
    3,
    0,
    6,
    6,
    6,
    2,
    1,
    6,
    6,
    6,
    0,
    1,
    0,
    4,
    0,
    3,
    1,
    1,
    0,
    5,
    3,
    2,
    6,
    5,
    5,
    6,
    4,
    6,
    1,
    6,
    6,
    0,
    5,
    0,
    2,
    6,
    0,
    2,
    0,
    6,
    3,
    1,
    4,
    3,
    6,
    6,
    3,
    6,
    0,
    1,
    6,
    6,
    2,
    0,
    1,
    3,
    6,
    0,
    1,
    0,
    0,
    6,
    0,
    5,
    0,
    2,
    4,
    1,
    3,
    0,
    6,
    1,
    1,
    0,
    5,
    1,
    1,
    1,
    1,
    1,
    0,
    6,
    6,
    0,
    0,
    0,
    2,
    3,
    6,
    0,
    0,
    0,
    3,
    3,
    6,
    1,
    5,
    4,
    6,
    0,
    6,
    6,
    0,
    1,
    6,
    0,
    4,
    6,
    1,
    0,
    6,
    1,
    0,
    1,
    6,
    0,
    1,
    0,
    1,
    3,
    1,
    3,
    6,
    0,
    0,
    1,
    1,
    1,
    6,
    6,
    4,
    3,
    1,
    5,
    0,
    0,
    6,
    0,
    0,
    5,
    6,
    0,
    1,
    3,
    0,
    1,
    6,
    0,
    5,
    0,
    0,
    6,
    6,
    6,
    2,
    1,
    1,
    6,
    1,
    5,
    4,
    6,
    1,
    0,
    5,
    0,
    0,
    4,
    1,
    4,
    6,
    1,
    4,
    6,
    0,
    6,
    6,
    2,
    3,
    1,
    0,
    0,
    0,
    6,
    1,
    0,
    6,
    3,
    5,
    0,
    6,
    6,
    6,
    0,
    1,
    6,
    1,
    0,
    0,
    2,
    6,
    5,
    0,
    5,
    1,
    0,
    6,
    0,
    5,
    6,
    1,
    4,
    1,
    0,
    3,
    1,
    6,
    0,
    6,
    6,
    2,
    6,
    1,
    1,
    3,
    1,
    6,
    4,
    1,
    3,
    2,
    0,
    0,
    4,
    2,
    0,
    6,
    1,
    1,
    1,
    6,
    0,
    3,
    3,
    0,
    1,
    0,
    0,
    6,
    0,
    6,
    6,
    1,
    6,
    4,
    1,
    5,
    5,
    1,
    0,
    0,
    1,
    6,
    0,
    1,
    0,
    4,
    0,
    2,
    3,
    3,
    0,
    0,
    2,
    6,
    3,
    4,
    6,
    3,
    0,
    0,
    0,
    4,
    0,
    6,
    1,
    5,
    4,
    4,
    6,
    0,
    0,
    6,
    5,
    6,
    5,
    0,
    4,
    6,
    6,
    1,
    0,
    5,
    3,
    0,
    6,
    6,
    2,
    6,
    5,
    1,
    1,
    5,
    1,
    6,
    6,
    6,
    6,
    5,
    0,
    1,
    0,
    0,
    6,
    5,
    4,
    2,
    0,
    2,
    1,
    5,
    1,
    5,
    0,
    0,
    1,
    0,
    1,
    5,
    6,
    0,
    5,
    4,
    0,
    1,
    0,
    6,
    3,
    0,
    4,
    6,
    6,
    6,
    6,
    0,
    6,
    0,
    3,
    0,
    3,
    1,
    0,
    5,
    5,
    6,
    0,
    0,
    1,
    0,
    1,
    0,
    1,
    3,
    6,
    0,
    1,
    0,
    1,
    1,
    0,
    2,
    0,
    0,
    0,
    2,
    4,
    1,
    1,
    6,
    6,
    4,
    3,
    1,
    0,
    1,
    0,
    0,
    1,
    6,
    1,
    6,
    1,
    0,
    0,
    0,
    1,
    4,
    0,
    0,
    2,
    5,
    6,
    3,
    6,
    1,
    4,
    3,
    6,
    0,
    4,
    1,
    1,
    0,
    6,
    1,
    6,
    1,
    0,
    2,
    4,
    4,
    2,
    6,
    1,
    0,
    3,
    1,
    0,
    1,
    2,
    1,
    6,
    1,
    2,
    6,
    3,
    1,
    0,
    6,
    1,
    1,
    4,
    6,
    0,
    2,
    6,
    1,
    1,
    5,
    5,
    0,
    6,
    6,
    0,
    6,
    4,
    6,
    1,
    1,
    0,
    3,
    1,
    0,
    1,
    4,
    1,
    1,
    0,
    0,
    0,
    1,
    3,
    1,
    6,
    0,
    6,
    1,
    6,
    6,
    0,
    0,
    4,
    0,
    0,
    1,
    0,
    0,
    0,
    0,
    6,
    2,
    1,
    6,
    0,
    1,
    0,
    1,
    1,
    5,
    6,
    6,
    4,
    6,
    6,
    1,
    0,
    0,
    6,
    6,
    1,
    0,
    0,
    3,
    4,
    6,
    6,
    1,
    5,
    0,
    6,
    6,
    3,
    4,
    5,
    5,
    6,
    6,
    6,
    0,
    2,
    2,
    3,
    0,
    6,
    5,
    6,
    2,
    6,
    0,
    6,
    0,
    0,
    1,
    2,
    6,
    1,
    6,
    1,
    0,
    3,
    0,
    6,
    6,
    3,
    3,
    4,
    1,
    4,
    6,
    2,
    2,
    1,
    1,
    5,
    6,
    6,
    6,
    2,
    1,
    1,
    6,
    0,
    1,
    6,
    1,
    1,
    0,
    1,
    1,
    0,
    1,
    0,
    6,
    2,
    0,
    6,
    6,
    5,
    6,
    1,
    0,
    2,
    5,
    6,
    0,
    6,
    6,
    6,
    4,
    6,
    5,
    1,
    6,
    6,
    0,
    1,
    6,
    6,
    4,
    0,
    1,
    6,
    0,
    6,
    0,
    6,
    0,
    6,
    6,
    2,
    0,
    0,
    6,
    6,
    6,
    2,
    0,
    0,
    0,
    0,
    6,
    3,
    0,
    1,
    1,
    6,
    1,
    4,
    0,
    6,
    0
  ],
  "params_trainable": 35617,
  "epochs_run": 0,
  "train_seconds": 0.5072171000065282,
  "framework": "sklearn",
  "environment": {
    "device": "",
    "python": "3.13.12"
  }
}