{
  "task": "multiclass",
  "model": "bert",
  "label": "bert",
  "seed": 42,
  "config": {
    "model": "neuralmind/bert-base-portuguese-cased",
    "pretrained_on": "brWaC (2.7B words, pt-BR)",
    "max_length": 64,
    "batch_size": 16,
    "lr_encoder": 2e-05,
    "lr_head": 0.001,
    "optimizer": "AdamW + OneCycle",
    "stopwords_removed": false,
    "best_val_accuracy": 0.61328125
  },
  "accuracy": 0.5677154582763337,
  "macro_f1": 0.5372140910920263,
  "weighted_f1": 0.5611028740983846,
  "macro_precision": 0.5537025778721316,
  "macro_recall": 0.5295483914396829,
  "accuracy_ci95": [
    0.5315417075379347,
    0.603181230058536
  ],
  "majority_floor": 0.24794745484400657,
  "class_names": [
    "alegria",
    "desgosto",
    "medo",
    "neutro",
    "raiva",
    "surpresa",
    "tristeza"
  ],
  "per_class_f1": {
    "alegria": 0.6858638743455497,
    "desgosto": 0.4778156996587031,
    "medo": 0.5166666666666667,
    "neutro": 0.3090909090909091,
    "raiva": 0.576271186440678,
    "surpresa": 0.5892857142857143,
    "tristeza": 0.6055045871559633
  },
  "confusion_matrix": [
    [
      131,
      12,
      3,
      13,
      2,
      4,
      16
    ],
    [
      16,
      70,
      9,
      7,
      9,
      3,
      30
    ],
    [
      4,
      10,
      31,
      2,
      2,
      2,
      14
    ],
    [
      20,
      18,
      0,
      17,
      5,
      4,
      4
    ],
    [
      1,
      8,
      3,
      0,
      34,
      3,
      9
    ],
    [
      16,
      2,
      4,
      2,
      3,
      33,
      1
    ],
    [
      13,
      29,
      5,
      1,
      5,
      2,
      99
    ]
  ],
  "test_predictions": [
    2,
    1,
    2,
    4,
    1,
    6,
    0,
    6,
    6,
    6,
    6,
    0,
    0,
    6,
    1,
    0,
    6,
    6,
    5,
    6,
    6,
    6,
    0,
    4,
    4,
    5,
    4,
    6,
    0,
    2,
    4,
    6,
    6,
    5,
    5,
    3,
    4,
    6,
    1,
    4,
    4,
    0,
    0,
    5,
    3,
    2,
    1,
    2,
    0,
    0,
    6,
    1,
    6,
    5,
    2,
    2,
    1,
    0,
    2,
    0,
    3,
    1,
    6,
    5,
    6,
    6,
    0,
    4,
    5,
    2,
    5,
    6,
    0,
    4,
    0,
    1,
    0,
    1,
    6,
    0,
    5,
    6,
    1,
    6,
    2,
    1,
    1,
    6,
    6,
    0,
    6,
    1,
    3,
    2,
    6,
    0,
    4,
    3,
    6,
    1,
    0,
    6,
    6,
    6,
    6,
    1,
    6,
    1,
    5,
    0,
    0,
    2,
    1,
    3,
    6,
    4,
    6,
    0,
    1,
    0,
    5,
    2,
    6,
    1,
    5,
    0,
    3,
    0,
    0,
    4,
    0,
    0,
    4,
    1,
    6,
    1,
    6,
    6,
    2,
    0,
    6,
    0,
    6,
    6,
    1,
    6,
    1,
    1,
    4,
    0,
    1,
    1,
    4,
    1,
    0,
    0,
    2,
    0,
    1,
    1,
    1,
    6,
    6,
    0,
    3,
    6,
    3,
    5,
    0,
    4,
    1,
    2,
    4,
    1,
    1,
    5,
    2,
    1,
    3,
    1,
    0,
    6,
    0,
    0,
    6,
    5,
    6,
    1,
    0,
    1,
    4,
    6,
    6,
    0,
    0,
    0,
    1,
    6,
    3,
    0,
    4,
    4,
    6,
    0,
    1,
    1,
    0,
    0,
    6,
    5,
    0,
    1,
    1,
    1,
    6,
    5,
    4,
    2,
    0,
    0,
    6,
    5,
    0,
    6,
    0,
    1,
    5,
    6,
    5,
    4,
    6,
    2,
    0,
    0,
    0,
    1,
    0,
    2,
    3,
    0,
    3,
    0,
    0,
    0,
    0,
    6,
    3,
    0,
    0,
    0,
    6,
    0,
    1,
    0,
    6,
    6,
    6,
    4,
    0,
    1,
    0,
    0,
    0,
    4,
    0,
    1,
    6,
    3,
    2,
    1,
    0,
    0,
    6,
    6,
    1,
    6,
    0,
    5,
    2,
    6,
    6,
    6,
    6,
    0,
    0,
    3,
    0,
    5,
    6,
    2,
    1,
    3,
    0,
    1,
    6,
    1,
    0,
    0,
    6,
    0,
    4,
    4,
    1,
    2,
    0,
    6,
    0,
    6,
    2,
    6,
    6,
    0,
    4,
    0,
    1,
    6,
    6,
    6,
    6,
    6,
    4,
    0,
    6,
    6,
    0,
    6,
    1,
    0,
    0,
    0,
    0,
    6,
    1,
    6,
    1,
    1,
    0,
    1,
    6,
    1,
    1,
    1,
    6,
    2,
    2,
    1,
    0,
    4,
    6,
    1,
    0,
    6,
    1,
    6,
    0,
    1,
    0,
    5,
    5,
    1,
    2,
    0,
    0,
    0,
    6,
    0,
    3,
    1,
    1,
    6,
    5,
    1,
    3,
    5,
    4,
    1,
    3,
    1,
    1,
    5,
    1,
    1,
    6,
    3,
    3,
    4,
    1,
    0,
    0,
    4,
    2,
    2,
    0,
    1,
    0,
    6,
    3,
    1,
    1,
    6,
    1,
    0,
    0,
    0,
    1,
    1,
    5,
    4,
    1,
    3,
    0,
    0,
    6,
    2,
    0,
    1,
    2,
    4,
    1,
    0,
    0,
    6,
    5,
    6,
    6,
    0,
    0,
    0,
    2,
    6,
    1,
    0,
    4,
    6,
    0,
    1,
    6,
    0,
    2,
    0,
    6,
    0,
    6,
    4,
    6,
    6,
    6,
    6,
    3,
    6,
    1,
    2,
    5,
    3,
    0,
    6,
    5,
    5,
    1,
    2,
    3,
    6,
    1,
    1,
    6,
    6,
    0,
    6,
    6,
    2,
    6,
    1,
    0,
    0,
    1,
    0,
    0,
    3,
    1,
    6,
    2,
    0,
    0,
    0,
    6,
    2,
    6,
    6,
    2,
    1,
    6,
    1,
    4,
    1,
    1,
    3,
    0,
    2,
    4,
    1,
    2,
    0,
    0,
    1,
    1,
    6,
    6,
    3,
    0,
    6,
    5,
    6,
    4,
    0,
    4,
    4,
    6,
    0,
    6,
    5,
    0,
    6,
    0,
    2,
    6,
    1,
    0,
    0,
    0,
    0,
    0,
    3,
    0,
    2,
    0,
    5,
    6,
    6,
    0,
    1,
    1,
    0,
    1,
    3,
    1,
    6,
    1,
    6,
    6,
    2,
    1,
    1,
    6,
    1,
    0,
    1,
    3,
    2,
    6,
    1,
    6,
    0,
    4,
    0,
    1,
    4,
    0,
    1,
    1,
    3,
    1,
    6,
    0,
    1,
    1,
    0,
    1,
    1,
    3,
    6,
    1,
    1,
    1,
    0,
    6,
    0,
    5,
    1,
    0,
    6,
    5,
    0,
    1,
    1,
    2,
    2,
    0,
    1,
    6,
    6,
    3,
    6,
    0,
    1,
    4,
    0,
    0,
    6,
    1,
    6,
    5,
    6,
    1,
    0,
    6,
    0,
    1,
    6,
    0,
    0,
    0,
    5,
    5,
    0,
    3,
    0,
    1,
    0,
    2,
    0,
    0,
    3,
    0,
    4,
    4,
    6,
    4,
    6,
    6,
    1,
    1,
    0,
    0,
    0,
    0,
    3,
    4,
    0,
    4,
    6,
    6,
    0,
    6,
    1,
    6,
    0,
    6,
    5,
    6,
    2,
    1,
    5,
    1,
    2,
    0,
    0,
    1,
    5,
    4,
    1,
    0,
    6,
    3,
    0,
    5,
    0,
    4,
    0,
    2,
    2,
    0,
    0,
    0,
    5,
    5,
    2,
    4,
    4,
    1,
    3,
    4,
    6,
    5,
    6,
    4,
    1,
    6,
    6,
    1,
    6,
    4,
    0,
    2,
    3,
    1,
    6,
    4,
    0,
    0,
    0,
    0,
    5,
    0,
    5,
    1,
    0,
    6,
    0,
    0,
    1,
    4,
    1,
    0,
    4,
    6,
    0,
    1,
    0,
    5,
    0,
    6
  ],
  "params_trainable": 108928519,
  "epochs_run": 5,
  "train_seconds": 42.074349011000095,
  "framework": "pytorch",
  "environment": {
    "device": "Tesla T4",
    "python": "3.12.13"
  }
}