{
  "task": "multiclass",
  "model": "bert",
  "label": "bert",
  "seed": 2024,
  "config": {
    "model": "neuralmind/bert-base-portuguese-cased",
    "pretrained_on": "brWaC (2.7B words, pt-BR)",
    "max_length": 64,
    "batch_size": 16,
    "lr_encoder": 2e-05,
    "lr_head": 0.001,
    "optimizer": "AdamW + OneCycle",
    "stopwords_removed": false,
    "best_val_accuracy": 0.58984375
  },
  "accuracy": 0.612859097127223,
  "macro_f1": 0.5869359467630038,
  "weighted_f1": 0.6059081279032164,
  "macro_precision": 0.6214946847331237,
  "macro_recall": 0.5750724950440587,
  "accuracy_ci95": [
    0.5770460577395348,
    0.6474921715879166
  ],
  "majority_floor": 0.24794745484400657,
  "class_names": [
    "alegria",
    "desgosto",
    "medo",
    "neutro",
    "raiva",
    "surpresa",
    "tristeza"
  ],
  "per_class_f1": {
    "alegria": 0.712401055408971,
    "desgosto": 0.5273311897106109,
    "medo": 0.5873015873015873,
    "neutro": 0.35051546391752575,
    "raiva": 0.6181818181818182,
    "surpresa": 0.6666666666666666,
    "tristeza": 0.6461538461538462
  },
  "confusion_matrix": [
    [
      135,
      20,
      2,
      6,
      2,
      6,
      10
    ],
    [
      13,
      82,
      6,
      3,
      5,
      0,
      35
    ],
    [
      1,
      16,
      37,
      1,
      1,
      0,
      9
    ],
    [
      24,
      15,
      2,
      17,
      4,
      2,
      4
    ],
    [
      1,
      7,
      4,
      1,
      34,
      5,
      6
    ],
    [
      12,
      3,
      3,
      1,
      2,
      38,
      2
    ],
    [
      12,
      24,
      7,
      0,
      4,
      2,
      105
    ]
  ],
  "test_predictions": [
    1,
    0,
    6,
    1,
    5,
    1,
    1,
    1,
    1,
    1,
    4,
    0,
    6,
    6,
    6,
    6,
    4,
    1,
    5,
    6,
    1,
    1,
    0,
    3,
    6,
    5,
    3,
    1,
    0,
    0,
    0,
    6,
    6,
    0,
    1,
    1,
    6,
    4,
    1,
    1,
    0,
    5,
    1,
    6,
    6,
    6,
    4,
    1,
    1,
    6,
    1,
    6,
    0,
    2,
    4,
    2,
    1,
    4,
    0,
    1,
    0,
    5,
    6,
    5,
    3,
    1,
    6,
    0,
    2,
    6,
    1,
    2,
    6,
    4,
    0,
    0,
    4,
    0,
    0,
    6,
    0,
    1,
    0,
    6,
    3,
    1,
    1,
    6,
    4,
    6,
    0,
    1,
    0,
    4,
    0,
    4,
    1,
    1,
    0,
    1,
    3,
    2,
    6,
    0,
    5,
    0,
    6,
    5,
    1,
    6,
    2,
    0,
    5,
    0,
    6,
    6,
    6,
    2,
    0,
    2,
    1,
    1,
    4,
    0,
    1,
    1,
    0,
    6,
    0,
    1,
    6,
    0,
    6,
    1,
    1,
    0,
    2,
    4,
    1,
    0,
    0,
    6,
    0,
    5,
    0,
    1,
    0,
    1,
    0,
    3,
    1,
    0,
    5,
    0,
    6,
    6,
    1,
    1,
    1,
    5,
    0,
    5,
    6,
    6,
    6,
    0,
    2,
    3,
    6,
    1,
    1,
    5,
    3,
    0,
    6,
    1,
    5,
    4,
    6,
    0,
    6,
    6,
    0,
    6,
    1,
    0,
    0,
    6,
    1,
    0,
    6,
    6,
    0,
    1,
    2,
    0,
    6,
    5,
    6,
    0,
    1,
    1,
    6,
    0,
    1,
    2,
    1,
    4,
    6,
    6,
    4,
    0,
    6,
    5,
    0,
    0,
    1,
    0,
    0,
    5,
    0,
    0,
    1,
    0,
    0,
    1,
    1,
    6,
    5,
    0,
    1,
    1,
    6,
    6,
    2,
    1,
    6,
    5,
    1,
    4,
    2,
    1,
    1,
    0,
    5,
    0,
    0,
    4,
    1,
    6,
    6,
    0,
    4,
    6,
    0,
    6,
    6,
    2,
    1,
    1,
    0,
    0,
    0,
    1,
    6,
    0,
    3,
    1,
    5,
    0,
    6,
    6,
    1,
    0,
    1,
    6,
    0,
    0,
    0,
    2,
    2,
    5,
    1,
    0,
    1,
    0,
    6,
    0,
    5,
    2,
    1,
    6,
    1,
    0,
    0,
    1,
    0,
    0,
    6,
    6,
    2,
    5,
    0,
    1,
    1,
    1,
    6,
    1,
    1,
    3,
    2,
    1,
    5,
    4,
    2,
    0,
    6,
    1,
    1,
    3,
    6,
    4,
    0,
    0,
    0,
    2,
    0,
    0,
    6,
    0,
    6,
    6,
    1,
    6,
    4,
    1,
    5,
    4,
    6,
    0,
    0,
    3,
    6,
    0,
    6,
    0,
    2,
    0,
    2,
    1,
    4,
    0,
    0,
    2,
    6,
    1,
    4,
    6,
    0,
    0,
    0,
    1,
    4,
    0,
    6,
    1,
    5,
    0,
    4,
    6,
    0,
    0,
    0,
    5,
    4,
    5,
    0,
    2,
    6,
    2,
    6,
    2,
    0,
    0,
    3,
    6,
    1,
    2,
    6,
    0,
    1,
    1,
    5,
    1,
    5,
    6,
    6,
    6,
    5,
    0,
    0,
    0,
    0,
    6,
    5,
    4,
    2,
    1,
    2,
    1,
    5,
    0,
    5,
    4,
    1,
    1,
    0,
    0,
    5,
    6,
    1,
    5,
    6,
    0,
    1,
    0,
    6,
    1,
    3,
    4,
    6,
    6,
    1,
    6,
    0,
    6,
    5,
    1,
    0,
    0,
    3,
    1,
    5,
    2,
    0,
    1,
    3,
    6,
    1,
    1,
    0,
    1,
    3,
    6,
    0,
    1,
    0,
    1,
    1,
    0,
    2,
    0,
    0,
    0,
    6,
    6,
    1,
    1,
    6,
    2,
    4,
    1,
    6,
    3,
    6,
    1,
    6,
    0,
    4,
    6,
    6,
    1,
    3,
    1,
    0,
    1,
    4,
    0,
    0,
    2,
    2,
    6,
    1,
    0,
    4,
    4,
    0,
    6,
    0,
    4,
    1,
    1,
    0,
    5,
    2,
    6,
    1,
    0,
    4,
    1,
    0,
    2,
    6,
    2,
    1,
    0,
    2,
    0,
    1,
    2,
    6,
    6,
    1,
    2,
    2,
    0,
    1,
    0,
    6,
    0,
    4,
    4,
    6,
    0,
    2,
    6,
    6,
    4,
    0,
    2,
    0,
    6,
    6,
    0,
    6,
    4,
    6,
    1,
    1,
    0,
    0,
    3,
    6,
    1,
    4,
    1,
    1,
    3,
    0,
    0,
    1,
    4,
    0,
    6,
    6,
    6,
    1,
    6,
    6,
    0,
    0,
    4,
    0,
    0,
    6,
    0,
    0,
    0,
    0,
    6,
    2,
    2,
    1,
    0,
    1,
    0,
    1,
    6,
    5,
    6,
    6,
    5,
    6,
    6,
    1,
    1,
    0,
    6,
    1,
    5,
    0,
    3,
    0,
    4,
    6,
    1,
    5,
    5,
    0,
    6,
    6,
    0,
    6,
    5,
    6,
    6,
    1,
    6,
    0,
    1,
    2,
    4,
    0,
    6,
    6,
    5,
    2,
    6,
    1,
    6,
    0,
    0,
    1,
    2,
    6,
    0,
    5,
    1,
    0,
    0,
    3,
    6,
    2,
    0,
    0,
    1,
    2,
    1,
    6,
    2,
    2,
    1,
    1,
    4,
    6,
    6,
    6,
    6,
    1,
    1,
    1,
    6,
    1,
    6,
    0,
    1,
    0,
    1,
    6,
    0,
    4,
    0,
    0,
    2,
    4,
    6,
    1,
    5,
    0,
    3,
    0,
    1,
    5,
    6,
    0,
    2,
    0,
    6,
    4,
    1,
    5,
    6,
    2,
    6,
    3,
    0,
    2,
    6,
    4,
    1,
    1,
    2,
    3,
    6,
    0,
    0,
    0,
    6,
    2,
    2,
    0,
    0,
    3,
    6,
    6,
    1,
    3,
    0,
    0,
    0,
    1,
    3,
    1,
    6,
    1,
    6,
    1,
    6,
    5,
    0,
    0
  ],
  "params_trainable": 108928519,
  "epochs_run": 5,
  "train_seconds": 42.70381929300015,
  "framework": "pytorch",
  "environment": {
    "device": "Tesla T4",
    "python": "3.12.13"
  }
}