{
  "task": "multiclass",
  "model": "tfidf_svm",
  "label": "tfidf_svm",
  "seed": 42,
  "config": {
    "vectorizer": "word(1,2) + char_wb(3,5) TF-IDF",
    "classifier": "LinearSVC(class_weight=balanced)",
    "n_features": 36202
  },
  "accuracy": 0.5116279069767442,
  "macro_f1": 0.48689551696441796,
  "weighted_f1": 0.5128936755969169,
  "macro_precision": 0.491818042659821,
  "macro_recall": 0.4836662699470403,
  "accuracy_ci95": [
    0.4754257674701479,
    0.5477084743393471
  ],
  "majority_floor": 0.24794745484400657,
  "class_names": [
    "alegria",
    "desgosto",
    "medo",
    "neutro",
    "raiva",
    "surpresa",
    "tristeza"
  ],
  "per_class_f1": {
    "alegria": 0.5738636363636364,
    "desgosto": 0.527027027027027,
    "medo": 0.4462809917355372,
    "neutro": 0.2361111111111111,
    "raiva": 0.5254237288135594,
    "surpresa": 0.5344827586206896,
    "tristeza": 0.5650793650793651
  },
  "confusion_matrix": [
    [
      101,
      18,
      6,
      32,
      6,
      5,
      13
    ],
    [
      8,
      78,
      8,
      8,
      7,
      7,
      28
    ],
    [
      6,
      10,
      27,
      4,
      3,
      5,
      10
    ],
    [
      23,
      12,
      3,
      17,
      6,
      1,
      6
    ],
    [
      2,
      10,
      1,
      3,
      31,
      3,
      8
    ],
    [
      14,
      2,
      0,
      4,
      3,
      31,
      7
    ],
    [
      17,
      22,
      11,
      8,
      4,
      3,
      89
    ]
  ],
  "test_predictions": [
    2,
    1,
    1,
    4,
    1,
    4,
    0,
    0,
    6,
    4,
    6,
    0,
    4,
    6,
    1,
    0,
    6,
    6,
    5,
    6,
    6,
    6,
    0,
    1,
    4,
    5,
    4,
    2,
    3,
    1,
    5,
    6,
    6,
    5,
    5,
    0,
    1,
    6,
    4,
    4,
    4,
    3,
    0,
    5,
    0,
    2,
    1,
    2,
    4,
    3,
    1,
    3,
    6,
    5,
    2,
    2,
    2,
    3,
    1,
    0,
    0,
    1,
    0,
    5,
    6,
    6,
    0,
    4,
    6,
    0,
    5,
    6,
    0,
    4,
    0,
    1,
    3,
    1,
    1,
    0,
    5,
    6,
    1,
    6,
    0,
    1,
    4,
    1,
    1,
    3,
    6,
    1,
    6,
    2,
    6,
    1,
    4,
    0,
    6,
    1,
    3,
    6,
    6,
    6,
    6,
    1,
    6,
    1,
    6,
    0,
    0,
    2,
    1,
    0,
    6,
    1,
    1,
    3,
    3,
    0,
    5,
    6,
    6,
    1,
    5,
    3,
    0,
    3,
    0,
    1,
    0,
    0,
    4,
    3,
    6,
    1,
    1,
    0,
    2,
    0,
    6,
    3,
    1,
    6,
    3,
    6,
    1,
    6,
    5,
    0,
    1,
    3,
    4,
    6,
    6,
    0,
    2,
    1,
    1,
    6,
    2,
    6,
    6,
    0,
    0,
    6,
    3,
    4,
    0,
    4,
    1,
    2,
    4,
    3,
    0,
    5,
    0,
    1,
    1,
    1,
    0,
    6,
    0,
    1,
    6,
    0,
    6,
    6,
    5,
    1,
    4,
    0,
    1,
    0,
    0,
    3,
    1,
    0,
    3,
    1,
    4,
    4,
    6,
    5,
    1,
    1,
    0,
    0,
    6,
    5,
    0,
    1,
    1,
    1,
    6,
    5,
    4,
    2,
    6,
    0,
    6,
    5,
    0,
    6,
    0,
    1,
    5,
    5,
    6,
    4,
    1,
    6,
    0,
    0,
    0,
    6,
    0,
    2,
    0,
    0,
    2,
    0,
    0,
    4,
    0,
    6,
    0,
    0,
    3,
    0,
    6,
    3,
    1,
    0,
    1,
    1,
    0,
    4,
    0,
    1,
    0,
    0,
    0,
    4,
    0,
    0,
    6,
    3,
    2,
    1,
    0,
    0,
    6,
    1,
    1,
    6,
    0,
    6,
    2,
    1,
    0,
    1,
    3,
    0,
    0,
    0,
    0,
    5,
    6,
    2,
    1,
    1,
    3,
    6,
    6,
    1,
    0,
    0,
    1,
    3,
    4,
    4,
    1,
    2,
    6,
    6,
    0,
    6,
    6,
    1,
    6,
    0,
    4,
    0,
    1,
    6,
    6,
    6,
    1,
    6,
    5,
    3,
    6,
    1,
    0,
    6,
    1,
    0,
    3,
    0,
    3,
    4,
    1,
    4,
    1,
    1,
    3,
    1,
    6,
    3,
    1,
    1,
    4,
    6,
    1,
    1,
    3,
    6,
    6,
    1,
    0,
    6,
    0,
    4,
    3,
    0,
    0,
    5,
    1,
    1,
    1,
    0,
    0,
    3,
    1,
    0,
    3,
    0,
    1,
    1,
    5,
    1,
    5,
    5,
    0,
    1,
    1,
    3,
    1,
    5,
    1,
    1,
    6,
    0,
    0,
    4,
    6,
    0,
    1,
    3,
    6,
    2,
    0,
    1,
    0,
    6,
    0,
    1,
    1,
    2,
    3,
    3,
    0,
    0,
    1,
    1,
    5,
    3,
    1,
    2,
    6,
    0,
    6,
    2,
    1,
    6,
    5,
    4,
    2,
    6,
    0,
    6,
    4,
    6,
    6,
    0,
    0,
    0,
    5,
    6,
    2,
    0,
    4,
    4,
    6,
    1,
    2,
    0,
    6,
    0,
    6,
    4,
    6,
    6,
    6,
    6,
    6,
    6,
    0,
    6,
    1,
    5,
    6,
    1,
    3,
    6,
    5,
    5,
    5,
    5,
    0,
    1,
    6,
    1,
    0,
    0,
    3,
    6,
    6,
    6,
    6,
    6,
    0,
    3,
    6,
    6,
    0,
    0,
    6,
    2,
    2,
    1,
    0,
    0,
    1,
    2,
    6,
    6,
    2,
    3,
    1,
    1,
    0,
    1,
    2,
    3,
    2,
    2,
    6,
    1,
    2,
    0,
    0,
    1,
    0,
    6,
    6,
    0,
    0,
    1,
    5,
    6,
    4,
    0,
    4,
    4,
    6,
    0,
    6,
    5,
    0,
    6,
    0,
    6,
    6,
    3,
    3,
    0,
    3,
    0,
    2,
    1,
    0,
    2,
    0,
    6,
    6,
    6,
    3,
    1,
    6,
    0,
    3,
    3,
    1,
    2,
    3,
    0,
    6,
    2,
    2,
    1,
    2,
    6,
    3,
    1,
    1,
    2,
    6,
    1,
    1,
    0,
    5,
    0,
    1,
    4,
    2,
    6,
    3,
    3,
    2,
    1,
    0,
    1,
    6,
    0,
    0,
    1,
    1,
    6,
    1,
    0,
    5,
    0,
    6,
    3,
    6,
    1,
    0,
    2,
    5,
    0,
    6,
    6,
    2,
    2,
    0,
    3,
    6,
    0,
    2,
    0,
    0,
    1,
    6,
    0,
    0,
    6,
    6,
    0,
    5,
    6,
    1,
    0,
    6,
    0,
    3,
    2,
    1,
    0,
    1,
    5,
    5,
    3,
    3,
    3,
    4,
    3,
    5,
    2,
    3,
    3,
    0,
    4,
    4,
    1,
    4,
    1,
    6,
    3,
    1,
    3,
    5,
    3,
    0,
    3,
    4,
    0,
    4,
    6,
    6,
    6,
    6,
    3,
    6,
    3,
    6,
    5,
    6,
    2,
    5,
    4,
    1,
    2,
    5,
    1,
    6,
    0,
    4,
    6,
    0,
    1,
    1,
    0,
    5,
    0,
    4,
    3,
    6,
    1,
    0,
    0,
    3,
    5,
    4,
    2,
    4,
    1,
    1,
    0,
    4,
    6,
    5,
    6,
    4,
    6,
    1,
    6,
    1,
    1,
    4,
    2,
    2,
    0,
    3,
    1,
    3,
    3,
    0,
    0,
    0,
    4,
    5,
    5,
    1,
    0,
    6,
    0,
    1,
    1,
    5,
    1,
    2,
    4,
    1,
    1,
    1,
    0,
    0,
    3,
    6
  ],
  "params_trainable": 36202,
  "epochs_run": 0,
  "train_seconds": 0.6908944000024348,
  "framework": "sklearn",
  "environment": {
    "device": "",
    "python": "3.13.12"
  }
}